Hattie,List,25,Programmer III,82090.25,26846.27
Randie,Chattelaine,76,Payment Adjustment Coordinator,355786.75,31980.55
Misha,Elfe,65,Geologist I,661482.62,10399.21
Lynnet,Spurrior,46,Registered Nurse,655415.73,2775.65
Maddy,Brame,95,Senior Editor,492922.94,9433.56
Izaak,Downgate,75,Teacher,155086.96,43063.69
Katusha,McKendo,42,Research Associate,201433.56,30111.99
Feodor,Dragge,75,Analyst Programmer,71942.9,22258.58
Sayer,Chomiszewski,52,Web Designer II,896291.61,9377.46
Maurizia,Poter,71,Librarian,517920.92,44858.56
Nerti,Tumini,78,Recruiting Manager,541457.36,47271.78
Angelle,Dunn,60,Automation Specialist I,978880.02,32026.19
Pascal,Oxenbury,28,Account Coordinator,893755.79,17279.66
Gael,Slyne,70,Systems Administrator III,423591.77,40937.98
Erek,Mattek,73,GIS Technical Architect,702459.21,28193.44
Debra,Aimeric,40,VP Sales,305415.5,562.0
Melinda,Setford,43,Nuclear Power Engineer,578583.87,18806.15
Bonita,Cattrall,48,GIS Technical Architect,586809.54,21495.17
Kippar,Lanon,66,Systems Administrator II,632884.58,21146.76
Walt,Wreath,77,Senior Quality Engineer,175856.14,24916.5
Grata,Kain,65,Assistant Manager,385770.51,21630.93
Deeann,Dodridge,61,Social Worker,471562.49,45214.17
Ginevra,Tansly,19,Human Resources Assistant IV,827266.93,41382.43
Andee,Lawland,46,Account Coordinator,639201.31,5620.97
Leticia,Kunzelmann,57,Financial Advisor,737314.42,21173.13
Bellanca,Shubotham,50,Business Systems Development Analyst,280495.73,9211.2
Giavani,Sola,44,Accountant III,965575.14,11155.86
Kirby,Lindegard,46,GIS Technical Architect,136865.37,6944.87
Venita,Farrin,39,Senior Sales Associate,40805.79,36663.45
Vania,Syres,24,Actuary,430755.79,46853.55
Salaidh,McLemon,21,Environmental Tech,441005.14,37148.33
Lorant,Puddle,35,Human Resources Manager,640981.96,36757.03
Faun,Quarlis,41,Tax Accountant,823684.9,18529.24
Malorie,Bowfin,35,Technical Writer,689216.2,49831.0
Jacquie,Perigoe,55,Mechanical Systems Engineer,759474.7,33460.41
Denna,Chevis,50,General Manager,652813.98,297.88
Felita,Passfield,37,Marketing Manager,386283.25,2813.22
Wittie,Fullard,87,VP Quality Control,201487.94,33661.64
Agna,Spinney,23,Nuclear Power Engineer,417541.45,24976.77
Vilma,Lowrey,46,Analyst Programmer,763563.7,19517.06
Raf,Willcott,81,Project Manager,344679.49,2963.14
Bert,Yurchishin,28,Assistant Professor,521301.31,4511.59
Ari,Foulser,51,Senior Sales Associate,889432.16,45807.61
Nanine,Rix,50,Editor,950205.78,39362.06
Brande,Largent,96,Quality Engineer,775119.7,18151.59
Rubetta,Mordin,24,VP Accounting,854008.16,34639.99
Thedrick,Biever,75,Quality Control Specialist,630118.47,35274.19
Shelia,Rizzardini,88,Accountant IV,542629.28,31388.4
Zebadiah,Boarder,74,Biostatistician IV,63008.26,7985.59
Auguste,Nevitt,18,Pharmacist,58327.42,5168.37
Druci,Startin,54,Recruiting Manager,389523.16,564.65
Gayle,Shaplin,34,Internal Auditor,385503.6,38238.74
Fair,Kubiak,93,Analog Circuit Design manager,896926.26,27403.65
Sabrina,Carter,68,General Manager,516911.48,18030.96
Melosa,Sorley,30,Software Consultant,635884.97,40103.02
Casandra,Poley,42,Environmental Specialist,292601.19,12810.59
Celka,Le Strange,76,Nuclear Power Engineer,63403.61,46219.43
Dick,Kilfeder,89,Statistician II,837578.71,31421.93
Davon,Edworthy,60,Senior Sales Associate,369459.86,13334.23
Ebba,Henderson,36,Community Outreach Specialist,439908.28,40043.75
Daryl,Yeudall,40,VP Quality Control,318531.56,21288.05
Agneta,Barrell,94,Social Worker,604368.86,11397.4
Tony,Bridgnell,87,VP Quality Control,709570.16,9132.33
Marieann,Warre,45,Payment Adjustment Coordinator,429656.38,46517.94
Elbertine,Bonallick,32,Clinical Specialist,750746.33,30966.0
Sigvard,Keep,34,Automation Specialist III,111683.79,8013.61
Eleanore,Dibson,94,General Manager,552953.16,45765.42
Hort,Sawforde,93,Associate Professor,653962.34,34145.76
Jemimah,Yanukhin,38,Safety Technician II,991306.57,4673.41
Laverna,Masterman,64,Senior Developer,467021.86,49548.69
Agace,Wolfers,80,Engineer IV,379493.49,35055.5
Forrest,Garnam,73,Administrative Assistant II,718212.1,12784.35
Brunhilde,Windle,20,Help Desk Technician,587026.31,25914.75
Laural,Baxandall,78,Mechanical Systems Engineer,154750.83,24170.66
Hodge,Leppo,51,Administrative Officer,513152.93,45487.23
Burton,Blowing,86,Mechanical Systems Engineer,579976.15,5265.29
Corbet,Filliskirk,88,VP Sales,104603.79,7863.25
Goddard,Pudney,28,Physical Therapy Assistant,154631.56,7071.89
Winn,Beecraft,52,Geological Engineer,437612.72,15854.74
Jules,Tomasik,86,Recruiter,586014.42,20673.06
Perrine,Muskett,55,Tax Accountant,440244.01,15544.08
Lorne,Strowger,26,Junior Executive,798326.95,7694.83
Luis,Beves,37,Nurse,209793.19,5167.18
Jules,Gorsse,55,Human Resources Assistant III,906681.67,22116.71
Emiline,Cowperthwaite,44,Administrative Assistant II,204490.14,24364.67
Wynn,Farron,80,Senior Sales Associate,943747.15,49276.46
Kizzee,Petrazzi,85,Software Consultant,248682.11,8407.61
Sharon,Penswick,52,Help Desk Operator,132980.84,42995.68
Gustie,Lodwig,40,Payment Adjustment Coordinator,553778.6,28968.0
Humberto,Chesnay,53,Marketing Assistant,138890.46,28555.74
Giustina,Carnegie,92,Graphic Designer,138194.57,45088.79
Elwin,Adshead,43,GIS Technical Architect,366905.05,21261.12
Dagny,Sexton,48,Director of Sales,103275.92,19926.37
Sydel,Degue,65,Structural Engineer,792904.4,39356.94
Gilemette,Willmer,68,Director of Sales,127790.5,41356.56
Ford,Ilyasov,18,Web Developer III,13414.67,28498.58
Benoit,Dybald,99,Biostatistician IV,516262.17,42530.23
Chastity,Bramley,76,Biostatistician IV,826393.87,39331.86
Fredric,Maslen,69,VP Marketing,259557.71,8462.67
Say,O'Fallowne,46,Paralegal,638292.62,20980.16
Alvie,Minards,45,Account Representative II,637591.75,14003.25
Olenolin,Fonte,85,Research Assistant II,906293.84,31116.07
Valma,Mac Geaney,26,Human Resources Assistant IV,974820.4,24600.63
Harris,Van Hove,98,Human Resources Manager,483638.4,29353.88
Link,Berry,45,Nuclear Power Engineer,781045.58,40434.72
Valentia,Tretwell,81,Sales Associate,350026.43,2074.94
Aguistin,Darrigone,34,Software Consultant,241561.76,27647.72
Janaya,MacCurtain,89,Geologist II,267199.8,13922.32
Nichole,Monshall,18,Editor,830502.72,40703.16
Terrell,Klyn,29,General Manager,355219.75,26905.44
Aubrette,Dumbelton,83,Human Resources Manager,164051.48,2568.35
Livvyy,Meron,43,Engineer II,273630.84,18924.36
Herb,Edmondson,58,Environmental Specialist,98660.57,49971.0
Ula,Weigh,62,Social Worker,292425.32,15741.77
Thacher,Whanstall,21,Assistant Professor,520142.95,4650.23
Mendie,Petters,62,Data Coordinator,681412.73,6295.07
Gwenora,Wines,67,Administrative Officer,288508.02,42469.24
Kaylyn,Worwood,56,Geological Engineer,559938.18,7684.18
Penrod,Dunn,29,Geologist III,893798.76,35050.39
Yovonnda,Hayller,40,Food Chemist,500618.32,5524.6
Silvie,Lawford,32,Sales Representative,103864.65,19880.88
Royal,MacGrath,76,Statistician I,914989.63,38646.06
Care,Lawrenson,18,Community Outreach Specialist,394231.66,10872.66
Carla,Wedmore.,97,Director of Sales,433066.45,40856.54
Mab,Pirie,50,Paralegal,609488.78,97.87
Glad,Scahill,79,Marketing Manager,655226.14,33424.22
Gisella,Balham,67,Budget/Accounting Analyst II,676043.85,32809.5
Valma,Waterworth,82,Programmer III,649319.61,24901.39
Shellie,Creebo,86,Budget/Accounting Analyst II,283407.32,26764.88
Katie,Tuminelli,40,Teacher,450880.14,2725.17
Yolanthe,Cristofaro,61,VP Sales,759552.91,27849.88
Blythe,Dowthwaite,95,Help Desk Technician,639040.75,6245.93
Alleyn,Pidgen,70,Web Designer II,317649.91,21464.13
Lynnell,Gunderson,93,Data Coordinator,815455.51,12667.33
Georges,Cruikshanks,85,Accountant I,780463.52,33217.63
Freddie,MacGilmartin,58,Assistant Manager,307271.68,37264.34
Clarie,Custard,87,Administrative Officer,572117.45,1381.95
Chen,Castledine,62,Business Systems Development Analyst,57353.59,13826.73
Dyan,Kobierski,70,Food Chemist,806190.11,5285.95
Coriss,Maestrini,72,Help Desk Technician,532378.2,28009.64
Ansell,Climson,45,Senior Quality Engineer,6296.49,38453.84
Vilma,Roches,61,Editor,150010.0,48494.58
Kendal,Farfalameev,70,Recruiting Manager,439977.05,49458.48
Alexandros,Delap,36,Developer I,672168.82,43757.74
Collie,Kliemann,67,General Manager,540264.09,43642.11
Dicky,Yuille,54,Senior Editor,658761.57,8942.08
Darlleen,Auty,19,Desktop Support Technician,662556.99,24208.11
Lilah,Scoular,25,Computer Systems Analyst III,599581.5,42581.81
Stacey,Ackers,60,Chief Design Engineer,488818.42,47893.79
Tarah,Stennet,20,Design Engineer,245188.73,28359.41
Terrye,Antham,67,Marketing Assistant,514052.2,9006.82
Stearn,Shalliker,72,Assistant Media Planner,353426.39,1548.02
Broddy,Sambiedge,40,Internal Auditor,114346.45,28984.46
Raymond,Janczak,27,Actuary,418897.92,1684.72
Hedvig,Dalglish,64,Associate Professor,761327.97,911.69
Dahlia,Rama,23,Speech Pathologist,83036.93,31403.35
Rodrique,Bartolomeo,79,Senior Cost Accountant,535929.97,47154.97
Haley,Otham,42,Geological Engineer,709271.01,29802.84
Ode,Trickett,94,Executive Secretary,674203.49,379.65
Hedi,Beenham,41,Research Assistant II,962190.15,48704.38
Mari,Longshaw,68,Analyst Programmer,293704.81,42677.06
Raynard,Streather,27,Analyst Programmer,249865.88,21081.69
Sigrid,Swigger,19,Civil Engineer,761479.09,16580.0
Van,Constant,63,Quality Control Specialist,292765.17,37460.45
Walton,Rippin,42,Web Designer I,158347.74,6859.32
Gayler,Hanway,23,Analog Circuit Design manager,951346.25,29293.89
Ianthe,Alchin,77,Director of Sales,744809.54,11169.67
Ibby,Thiem,31,Information Systems Manager,317447.22,22848.5
Carmen,Utley,94,Environmental Tech,261854.25,40330.32
Dora,Sarge,46,Financial Analyst,149182.31,3514.26
Sosanna,Jobke,36,Editor,112392.24,22956.5
Danny,Di Gregorio,50,Pharmacist,84873.1,48232.07
Dreddy,Pardy,42,GIS Technical Architect,756981.54,17374.52
Dill,Llewelly,40,VP Quality Control,728121.11,10383.73
Alfredo,Crowest,88,Marketing Manager,646250.33,33380.33
Alejandro,Akers,71,Quality Engineer,414503.1,9566.7
Katrine,Poluzzi,21,Quality Engineer,670822.5,16993.1
Ronni,Flitcroft,36,VP Accounting,385138.87,36739.9
Corinne,Trotman,99,Staff Accountant III,963090.27,43363.63
Toby,Armsden,58,Financial Advisor,300747.0,15351.85
Gnni,Ratledge,84,Budget/Accounting Analyst I,277896.22,35164.36
Harp,Tait,68,Nurse Practicioner,809854.68,18884.73
Juliana,Claisse,59,Automation Specialist III,899149.34,34593.26
Bab,O'Brollachain,82,Dental Hygienist,92394.17,488.85
Georgi,Fawlo,31,Financial Advisor,3828.58,23932.7
Harmon,Hubback,63,General Manager,484185.48,3996.74
Terencio,Stirzaker,74,Physical Therapy Assistant,398035.96,499.42
Candida,Kettoe,72,Accountant IV,871491.98,30645.0
Prudy,Bawden,95,Help Desk Technician,599342.25,32458.71
Alta,Alessandrini,54,Product Engineer,371013.16,36511.79
Amandi,Batistelli,80,Pharmacist,309276.21,30956.36
Theresa,Rummings,81,Electrical Engineer,665371.48,8766.22
Delmore,Eames,46,Senior Quality Engineer,924661.67,33063.63
Farra,Belk,82,Human Resources Assistant III,127136.91,45109.57
Paton,Pawelek,50,Geological Engineer,32947.36,39317.44
Sidonia,Quartermaine,84,Director of Sales,988031.33,47553.05
Ennis,Kitchenman,81,Account Coordinator,863324.52,14126.97
Gavra,Koeppe,76,Actuary,549637.93,46576.69
Daryl,Arthan,92,VP Product Management,532030.89,1861.86
Amandie,Charlo,76,Senior Quality Engineer,41368.88,9230.72
Kassi,Ram,74,Desktop Support Technician,405478.52,22853.07
Aggie,Linbohm,60,Senior Editor,400309.66,46243.6
Tiebold,Credland,19,Chemical Engineer,715402.69,49078.97
Izak,Footitt,47,Chief Design Engineer,919686.11,30162.53
Skelly,Westmore,84,Structural Analysis Engineer,20913.55,1774.58
Tansy,Trude,86,Speech Pathologist,577406.99,30988.87
Teena,Trimmell,37,Associate Professor,382651.21,8166.99
Zelda,Bottrell,48,Technical Writer,708419.17,38811.47
Conchita,Slott,59,Structural Engineer,690777.65,22050.29
Dell,Grewe,47,Physical Therapy Assistant,455145.28,1265.82
Melloney,Ceresa,88,Database Administrator III,960595.14,25294.09
Forester,Brou,72,Business Systems Development Analyst,674296.61,48559.17
Yance,Bowbrick,77,Programmer Analyst II,851463.59,9119.34
May,Pickance,36,Financial Advisor,969216.39,26578.97
Isabella,Dabes,77,Payment Adjustment Coordinator,323468.59,40232.01
Rosemaria,Novic,32,Analyst Programmer,973897.37,19049.64
Kalvin,Waggitt,85,Web Developer II,190216.95,18223.74
Johnathan,Aimeric,73,Staff Scientist,290887.08,31312.07
Charmion,Lumbly,82,Editor,228038.99,17550.68
Imojean,Cracker,32,Director of Sales,420380.0,13049.17
Dennie,Reast,49,Administrative Officer,256639.74,27781.01
Audra,McGurn,27,Programmer Analyst III,775789.44,8505.35
Alaster,Swate,23,Junior Executive,701940.08,44644.89
Chrysler,Berkeley,86,Help Desk Technician,246825.49,40046.33
Tasha,Bumby,97,Marketing Manager,817199.64,2503.7
Augie,Andriss,84,General Manager,639744.86,34533.65
Donetta,Osment,51,Biostatistician II,236760.09,17348.35
Lenee,Staton,50,General Manager,589122.82,49742.59
Maude,Fulmen,48,Junior Executive,517467.92,19750.05
Berky,Hellicar,36,Software Test Engineer III,719780.99,13390.34
Gifford,Eliasen,56,Systems Administrator III,349359.71,30273.5
Tootsie,Mungham,59,Web Developer II,67388.81,40033.27
Burl,Mellem,18,Pharmacist,622766.35,17445.52
Monika,Murtimer,58,VP Marketing,99382.96,46207.56
Row,Maultby,72,VP Product Management,396496.76,42440.03
Codee,Culver,84,Human Resources Assistant IV,992136.23,49628.34
Will,Rodger,46,Quality Control Specialist,645603.22,43860.44
Dionis,Rielly,25,Physical Therapy Assistant,688256.92,15013.88
Jacintha,Phibb,75,Biostatistician IV,899948.6,46007.62
Bernita,Fowgies,68,Environmental Specialist,533679.04,24233.3
Nichols,Whorton,18,Database Administrator III,678223.13,5882.12
Nat,Richter,99,Research Nurse,436236.98,22731.73
Dunc,Bryenton,33,Research Nurse,234607.5,40799.68
Gusta,Demougeot,30,Associate Professor,862276.38,777.37
Debi,Glassman,54,Associate Professor,730057.38,26804.28
Demetri,Doul,72,Editor,83700.48,42450.22
Barron,Buxton,51,Chemical Engineer,938996.7,34030.36
Meg,Flukes,34,Compensation Analyst,630292.69,38922.9
Gae,Deverell,58,Quality Engineer,666440.86,40699.24
Kev,Galliard,87,Chemical Engineer,899353.12,11178.25
Guthrey,Wiskar,58,Director of Sales,703603.65,28411.57
Otes,Ungerecht,96,Actuary,684289.47,46045.33
Maurine,Recher,23,Internal Auditor,817617.15,25198.44
Siffre,Twigger,64,Marketing Assistant,153676.03,430.8
Joni,Davidou,30,Assistant Professor,893707.53,47188.87
Cara,Klas,55,Help Desk Technician,998839.35,38880.63
Lamont,Naris,94,Programmer I,3254.71,15910.64
Donelle,Skeemer,46,Account Representative III,260055.99,38979.11
Alida,Somerset,53,General Manager,296234.26,45673.76
Vanya,Rugg,44,Nurse Practicioner,117993.8,38000.71
Myca,Arsmith,93,Payment Adjustment Coordinator,937430.05,42459.08
Jerald,Lalevee,58,Design Engineer,958430.87,12112.77
Helen-elizabeth,Harbour,76,Geologist II,458161.06,5423.12
Alley,Sayle,42,VP Sales,690286.18,24767.72
Daveen,Izkovici,38,Food Chemist,258055.96,10024.01
Melodee,Valentim,88,Database Administrator I,335417.95,27651.06
Dimitri,Ambrosch,32,Office Assistant IV,602466.62,20722.7
Rollin,Boddie,92,Developer I,419848.77,4907.65
Gavin,MacCarroll,72,Software Consultant,366372.19,36490.2
Noam,Usherwood,68,Senior Financial Analyst,852137.95,27333.23
Papageno,Starbuck,42,Mechanical Systems Engineer,422831.72,29428.82
Sheryl,Gilleon,39,Quality Control Specialist,127354.24,21829.85
Elijah,Ewer,30,Professor,539659.3,48641.87
Lolly,Labon,71,Geologist IV,550618.25,11836.09
Lutero,Frangello,66,Human Resources Assistant I,38625.27,43657.17
Skipton,Oaks,97,Clinical Specialist,59979.94,10857.34
Ezri,McCleary,28,Tax Accountant,620228.81,12319.77
Anny,Capes,28,Senior Financial Analyst,787743.31,43378.78
Jeana,Russ,84,VP Product Management,157010.73,25087.7
Bellanca,Eidelman,30,Librarian,958920.25,12766.04
Daveen,Poulton,99,Social Worker,542635.35,46849.85
Norrie,Ferie,95,Marketing Manager,736980.15,20722.72
Kingsley,McVitty,73,Marketing Manager,821867.34,3673.19
Douglas,Warsop,58,Occupational Therapist,956830.55,39653.39
Virgina,Whitney,35,Web Developer IV,933988.15,10968.35
Paxton,Allmond,52,Computer Systems Analyst II,263052.82,30282.46
Josi,Glasscott,49,Human Resources Manager,771615.39,12546.5
Nissa,Fawdrie,35,Analyst Programmer,946874.79,30326.11
Cecile,Treppas,83,Internal Auditor,727801.23,22996.96
Charis,Cockshott,42,VP Sales,999400.19,39441.6
Rosa,Romanini,71,Structural Analysis Engineer,977969.41,36244.49
Idell,McCalister,45,Web Designer I,758783.03,1882.67
Averyl,Gabbitus,72,Cost Accountant,495246.37,18606.38
Emilio,Bondesen,37,Nuclear Power Engineer,19975.34,7120.4
Fern,Thirst,25,Recruiting Manager,864547.04,12054.35
Maury,Inggall,74,Quality Control Specialist,340488.65,12205.6
Sollie,Banaszewski,65,Senior Cost Accountant,863119.82,8759.02
Meryl,Imason,24,Civil Engineer,64588.04,27886.97
Elana,Godsafe,79,Account Representative III,195280.57,49854.82
Selena,Scholes,58,Software Consultant,928734.89,827.43
Pearla,Sharpless,28,Human Resources Assistant III,334280.61,17776.35
Leonanie,Schofield,40,Senior Developer,401441.34,32816.27
Corby,Farrear,59,Executive Secretary,50271.01,36692.33
Mitch,Colliver,33,Registered Nurse,265338.18,33961.08
Fergus,Angelini,52,Dental Hygienist,866736.48,7484.41
Josefina,Anton,73,Administrative Officer,774918.17,25638.11
Biddy,McCulloch,85,Quality Engineer,169459.91,32416.67
Nancy,Dunnan,50,Automation Specialist I,223425.66,29502.35
Boris,Breen,98,Research Associate,42544.6,47010.83
Corney,Braidford,86,Director of Sales,297513.94,17112.15
Clemmy,Flieger,82,Health Coach II,906082.28,23366.24
Chicky,Piccard,90,Food Chemist,6688.06,28845.03
Laurie,Mariault,39,Safety Technician I,143152.07,2920.11
Hubey,Peyto,65,Research Associate,72291.17,8730.64
Kimmi,Featley,54,Systems Administrator III,935371.36,42153.56
Bern,Statter,99,Biostatistician III,575740.87,36232.02
Ellen,Hedges,68,Community Outreach Specialist,421590.41,27606.77
Ellwood,Wharram,62,Community Outreach Specialist,664067.12,11548.22
Edmund,McCullock,60,Payment Adjustment Coordinator,787336.03,29711.13
Fernando,Norres,51,Structural Engineer,251358.66,33574.79
Blondelle,Gaskall,56,Chief Design Engineer,552469.89,40335.47
Cirilo,Leidecker,77,Senior Developer,587338.74,45569.59
Del,Lindsey,59,Web Designer I,752516.66,35001.52
Tiertza,Brockherst,90,Project Manager,270366.19,3684.04
Willa,Heathorn,64,Safety Technician I,204897.33,26952.42
Dollie,Gyngell,46,Web Designer IV,133442.85,34572.41
Taite,Jackman,66,Librarian,812466.86,26485.66
Brooks,Lusty,35,Automation Specialist IV,787363.4,10186.78
Sherman,Leavy,39,Director of Sales,249290.7,11933.84
Wyn,Dugall,28,VP Marketing,715697.71,17825.58
Jodie,Bennitt,28,Help Desk Technician,916097.56,41475.58
Laurice,Gillinghams,31,Sales Associate,552900.63,16866.96
Gabi,McClary,73,Budget/Accounting Analyst I,493212.86,1105.9
Reba,Abrashkov,32,Systems Administrator I,863495.37,13387.81
Florance,Morriss,86,Product Engineer,460394.65,20917.59
Agnola,Rodge,29,Project Manager,861556.14,24475.65
Olivero,Dodshun,43,VP Accounting,751713.54,21734.12
Alicia,Dunkinson,80,Mechanical Systems Engineer,49526.74,47137.73
Alain,Bretelle,25,Librarian,685785.91,7248.38
Uri,Ramalho,86,Structural Engineer,128632.21,6132.12
Tadeo,Lockley,33,Civil Engineer,622593.42,44630.58
Elysia,Bourtoumieux,76,Electrical Engineer,132518.68,33758.17
Mischa,Grocock,82,Administrative Assistant III,65089.67,40551.84
Benoit,Raywood,54,Accountant III,898910.69,10948.29
Romona,Iston,40,Accounting Assistant II,493288.17,49149.19
Patrice,Janik,54,Internal Auditor,365997.92,21405.59
Lyndel,MacGuiness,30,Associate Professor,958603.43,35444.71
Maribelle,Rathe,73,Marketing Manager,554966.34,5079.58
Brunhilda,Tapner,72,Research Assistant I,317532.45,23884.08
Jennica,Opie,89,Computer Systems Analyst II,970907.93,42226.18
Rubia,Drover,58,Database Administrator IV,885322.2,20770.54
Pablo,Huggons,42,Accountant I,951396.5,4975.59
Alla,Ellph,95,Staff Scientist,364391.9,20341.83
Kipp,Magauran,40,Research Nurse,793019.6,18130.06
Riordan,Everit,64,Programmer I,792767.76,21480.02
Madge,Hyde,26,Safety Technician IV,794053.32,12648.39
Calypso,Douse,98,Recruiting Manager,52215.52,8174.6
Jdavie,Whitwham,70,Environmental Tech,361242.35,24013.96
Jocelyn,Slegg,51,Assistant Media Planner,945693.6,46194.91
Blinny,Vaines,79,Research Assistant I,793073.13,26047.06
Wyndham,Itzkowicz,23,Registered Nurse,503289.77,15246.01
Romola,Trippitt,67,Budget/Accounting Analyst II,347303.35,25680.71
Lyndsey,Tellenbrok,92,Financial Advisor,761690.16,7750.36
Casar,Powney,74,VP Quality Control,995721.91,26705.64
Beniamino,Chipchase,56,Sales Representative,849175.27,19048.2
Bevvy,Petrakov,76,Food Chemist,760406.27,42981.99
Ernie,Ducket,26,Engineer II,943788.12,17165.41
Bailey,Hauxby,54,Structural Analysis Engineer,394499.67,19077.84
Gil,Verbruggen,59,Civil Engineer,75889.42,9421.43
Guenevere,Kemsley,99,Graphic Designer,412007.09,44854.52
Algernon,Burfoot,74,Actuary,927689.55,37884.46
Hertha,Bramwell,18,Computer Systems Analyst I,354822.39,27978.37
Kelsy,Cohane,76,Nuclear Power Engineer,430793.41,28904.99
Roseline,Dwyer,49,Cost Accountant,524341.79,24075.12
Si,Laborda,44,Tax Accountant,199093.33,37579.76
Lynne,Busse,33,Sales Associate,115673.25,38338.69
Oneida,Penritt,41,Executive Secretary,468584.69,7958.93
Myrvyn,Carnock,98,Human Resources Manager,243774.28,27565.46
Maddie,Morillas,43,Design Engineer,571706.66,46236.45
Pierce,McCuffie,74,Payment Adjustment Coordinator,492610.0,11984.38
Margareta,Nethercott,76,Senior Editor,490261.61,30829.59
Leilah,Rosini,89,Marketing Manager,21527.06,20319.58
Alden,Redsell,45,Software Consultant,942142.68,36238.98
Garrik,Meir,39,Chemical Engineer,863796.71,17134.77
Sascha,Doumer,48,Information Systems Manager,573129.42,42501.59
Neal,Getch,66,Environmental Tech,880989.24,39661.58
Valera,Skeldon,98,Nuclear Power Engineer,309224.07,43258.72
Angie,Wardingley,67,Community Outreach Specialist,927901.78,42228.84
Katrine,Maggill'Andreis,87,Internal Auditor,214479.52,10191.29
Ryann,Yakobowitz,18,Account Representative II,594599.44,41115.09
Elbert,Doget,41,Help Desk Technician,426876.76,11615.82
Gert,Tocknell,35,Office Assistant III,876556.16,19730.06
Lazar,Dilliway,45,Operator,995345.29,19779.17
Blinni,Sidary,44,Operator,130154.76,13090.03
Rafi,Cartin,84,Account Executive,567063.82,280.28
Doug,Semper,98,VP Quality Control,807498.02,27221.52
Alli,Mamwell,46,Assistant Professor,491064.66,49669.32
Raul,Raraty,58,Research Associate,139068.98,22212.66
Arlyne,Dumphries,82,VP Product Management,439285.79,47987.04
Madonna,Summersett,62,Actuary,326714.12,12284.58
Orly,de Zamora,84,Geological Engineer,550457.32,40920.51
Saw,Byre,27,Recruiter,878324.02,47890.98
Terrell,Troutbeck,89,Chief Design Engineer,990884.18,31019.26
Melantha,Prater,64,Tax Accountant,83294.85,9656.44
Udall,Ausher,73,Structural Engineer,503905.74,23756.93
Kala,Blaes,79,Web Designer III,417039.47,49489.45
Nellie,Aphale,76,Nurse,584304.12,46489.9
Onida,McKinstry,47,Project Manager,394507.93,31077.44
Andeee,Luttger,73,Computer Systems Analyst III,888586.84,3136.97
Josey,Verrill,20,Accounting Assistant II,400319.94,33554.51
Carolyne,Stidworthy,56,Programmer Analyst IV,887460.25,26285.68
Jessamyn,Dreschler,26,VP Sales,833752.56,34532.8
Hector,O'Shields,55,Legal Assistant,126682.68,26675.91
Benedict,Grisdale,83,Programmer Analyst IV,668197.66,11696.43
Libbey,Chrippes,99,Desktop Support Technician,885065.91,49335.32
Lucinda,Innett,26,Biostatistician I,680672.94,22350.71
Carmen,Mazdon,89,Nurse,430455.64,6532.91
Abbe,Barnwell,85,Food Chemist,12148.96,2180.3
Selestina,Leathley,67,Sales Representative,280583.01,45378.36
Drucill,Upfold,81,Professor,633505.59,37478.19
Kenyon,Stodart,86,Speech Pathologist,326792.82,25855.48
Judie,O'Luby,86,Senior Editor,509694.46,46421.63
Karen,Huggett,36,Social Worker,181495.6,19347.31
Nickolas,Arnowitz,97,Programmer IV,797045.36,18058.37
Vernice,Kenforth,88,Geological Engineer,755305.63,29268.92
Ardella,Eustace,19,Business Systems Development Analyst,620256.5,9080.21
Peggi,Patron,47,Project Manager,896384.52,31398.35
Cherry,Preshaw,80,VP Quality Control,899335.68,39556.12
Rubetta,Gloyens,94,Nuclear Power Engineer,101894.64,44893.31
Kerby,Spedroni,40,Senior Quality Engineer,236794.42,46593.42
Kennedy,Rimbault,84,Product Engineer,36562.64,36275.1
Chantalle,Heather,80,Junior Executive,580880.1,35293.26
Ashley,Cawthra,77,Analog Circuit Design manager,988450.38,21161.47
Temple,Braybrooks,28,Cost Accountant,595395.82,36485.53
Phyllis,Hoyland,55,Media Manager I,806548.25,25997.75
Mahmud,Scotts,29,VP Marketing,367263.76,4732.75
Lin,Partner,86,Recruiter,20879.71,49680.79
Ailee,Ccomini,99,Account Coordinator,96508.05,8070.75
Ludovico,Tomsa,59,Food Chemist,249849.43,28062.54
Vassili,Clissold,34,Food Chemist,611233.48,13494.89
Griswold,Olenikov,67,Environmental Specialist,990222.95,17499.24
Amerigo,Trevethan,58,Product Engineer,925378.24,24350.33
Star,Hylton,94,Technical Writer,825517.64,48543.97
Billy,Bollin,38,Computer Systems Analyst II,490098.94,5318.6
Pacorro,Goullee,54,Occupational Therapist,493918.7,43289.23
Tomaso,Coopey,24,Chief Design Engineer,396508.1,6505.31
Trixy,Titmus,63,Marketing Manager,686882.11,36641.34
Ailey,Gauld,81,Environmental Specialist,604324.26,18355.45
Gina,Jiru,31,Director of Sales,766017.69,45600.79
Dorothea,Chapman,58,Account Executive,734044.84,24556.37
Ambrosi,Seatter,67,Chemical Engineer,573524.75,32417.25
Nelli,Rich,94,Programmer Analyst I,93700.29,40195.23
Marie-ann,Thorneywork,48,Analyst Programmer,370665.6,25818.34
Corene,Rasper,60,Financial Advisor,881286.38,29229.45
Dov,Comellini,81,Associate Professor,955594.9,33496.94
Jenn,Stilly,18,Assistant Manager,981205.21,3751.29
Danita,Southby,44,Quality Control Specialist,25862.52,35195.99
Isahella,Bulcroft,71,Help Desk Technician,201890.04,16104.31
Lonnard,Byneth,85,Account Coordinator,545993.07,49676.94
Mignonne,Dowdam,37,Software Engineer IV,570009.53,24559.3
Steffi,Chritchlow,91,Chief Design Engineer,949430.18,5334.36
Georgie,See,85,Accounting Assistant II,606503.29,9636.25
Sharla,Harrinson,92,Financial Advisor,365357.79,12483.74
Atlanta,Copo,39,Payment Adjustment Coordinator,164217.3,33693.36
Kari,McLagain,53,Nurse,215874.78,39392.65
Tuck,Tosspell,90,VP Sales,612631.6,43779.16
Marney,Plenty,51,Senior Cost Accountant,316873.25,27285.93
Camala,Cowland,56,Web Developer II,40235.86,45536.55
Norina,Labeuil,59,Operator,28868.66,18240.07
Brynna,Haken,69,Senior Sales Associate,268291.15,15786.01
Sonnnie,Broadfoot,81,Statistician IV,898700.56,44474.96
Nonah,Preto,43,Actuary,274637.43,24366.04
Felic,Challoner,90,VP Marketing,837281.29,32993.64
Velvet,Bloomer,67,Clinical Specialist,773991.49,8117.27
Lockwood,Caberas,60,Associate Professor,358255.38,48007.76
Mitchael,Reitenbach,36,Structural Engineer,551002.32,35166.52
Aldo,Moncey,52,Systems Administrator II,160138.56,34406.84
Bank,Moorrud,37,VP Sales,657123.82,11779.67
Stormie,Stealy,83,Marketing Manager,79377.27,27470.23
Donica,McKern,20,Product Engineer,399095.3,13273.8
Toby,Divine,65,Registered Nurse,70502.47,5741.17
Dayle,Dowles,76,Speech Pathologist,186839.29,40952.83
Yuma,Mixhel,23,General Manager,40302.81,37361.94
Ira,Pucker,99,Marketing Manager,493157.1,13156.01
Xylia,Fullom,73,Senior Editor,227545.93,5664.16
Montague,Bertie,43,Media Manager II,6342.73,36218.18
Balduin,Chellingworth,57,Associate Professor,730678.56,48652.51
Thomas,Litton,45,Business Systems Development Analyst,582410.12,19802.21
Corabelle,Handrok,49,Senior Financial Analyst,484004.32,28280.08
Geneva,Simonel,65,Payment Adjustment Coordinator,111652.11,49336.07
Ruperto,Shimman,24,Nurse Practicioner,386177.69,25390.39
Tamara,Jahan,27,Biostatistician III,707102.86,47182.26
Claudian,Burnyeat,53,Staff Scientist,608160.75,33048.15
Philippine,Batson,92,Research Associate,877553.23,27421.79
Silvia,Lawley,61,Junior Executive,250561.48,35118.41
Revkah,Le Frank,90,GIS Technical Architect,123468.67,1250.97
Ariadne,Lapslie,88,Internal Auditor,933977.04,22397.94
Sandor,Matfield,67,Structural Analysis Engineer,848480.39,8716.3
Lemar,Baddiley,76,Tax Accountant,564722.82,49000.98
Salomi,Baniard,58,Engineer IV,853788.31,15980.38
Brigham,Lillegard,32,Project Manager,439410.22,26525.81
Tait,McTerlagh,29,Analog Circuit Design manager,527947.33,11911.4
Kearney,Scroggs,41,VP Marketing,84019.55,16466.55
Di,Bettley,29,Senior Quality Engineer,501481.17,46484.83
Moira,Josef,46,Structural Engineer,793878.37,37779.32
Ilyssa,Pettinger,44,Accountant IV,663409.64,39428.95
Tanney,Gyles,90,Graphic Designer,430230.7,13223.29
Curcio,MacVagh,43,Research Assistant III,773439.98,6460.38
Geri,Faulo,45,Quality Control Specialist,755117.79,9897.09
Emmanuel,Sokale,32,Marketing Assistant,208319.26,22036.79
Trumann,Cowtherd,39,Senior Sales Associate,85959.65,2527.16
Sissy,Andell,79,Senior Developer,929837.99,28822.99
Moritz,Halton,22,Programmer Analyst I,111425.74,45579.68
Hebert,Balogh,94,Software Consultant,22531.71,27023.76
Elia,Salliss,74,Senior Financial Analyst,762399.73,14344.97
Darius,Barnbrook,68,Executive Secretary,657530.2,8607.72
Benetta,Cazereau,50,Research Assistant IV,690815.2,25912.48
Estelle,Flatt,64,Software Consultant,999011.89,32660.09
Lorin,Beebe,69,Physical Therapy Assistant,562731.38,16540.81
Alvin,Bearn,67,Executive Secretary,72725.73,21198.96
Maisie,Fripps,49,Research Nurse,163422.32,10467.62
Cloe,Gurys,62,Research Nurse,172681.65,23951.41
Wynny,Corkell,53,Accountant II,743380.9,38111.41
Lynnett,Craydon,86,Research Assistant II,584999.76,45894.4
Danella,Boome,24,Data Coordinator,852722.96,22458.17
Ailsun,MacCollom,31,Executive Secretary,24293.44,26908.24
Sandi,Fellon,59,Environmental Tech,477952.7,11003.85
Georgena,Fairlamb,99,Human Resources Assistant I,705579.86,45559.95
Huntley,Rapley,44,Physical Therapy Assistant,40880.91,25617.92
Humbert,Rickersey,88,Account Executive,339273.87,10152.7
Konstance,Bengall,48,Administrative Assistant II,198197.23,18594.27
Brita,Fabri,30,Systems Administrator III,195357.15,27682.33
Karlee,Vedmore,82,Professor,661677.78,2092.82
Terrell,Eilhertsen,79,Actuary,866325.74,21040.0
Pryce,Hunnicot,59,Librarian,63948.56,17628.04
Merrily,Mannin,32,Design Engineer,118869.26,34578.41
Aurora,Davidou,80,Biostatistician II,364305.4,40589.43
Genny,Heading,30,Media Manager II,363136.18,10740.28
Eddie,Shard,78,Database Administrator III,33963.73,39357.53
Julienne,Korn,46,VP Quality Control,726213.61,25253.81
Gabie,Gercken,73,Project Manager,90405.06,8267.57
Tabbatha,Juzek,79,Project Manager,266131.92,38071.11
Cordy,Huffer,86,Research Associate,157485.55,223.15
Hildegaard,O'Shaughnessy,57,Senior Quality Engineer,84090.83,45380.43
Charlena,Mebes,37,Chemical Engineer,367020.96,45542.26
Berkly,Levesley,84,Senior Cost Accountant,885086.97,5459.86
Ev,Boreham,35,Structural Analysis Engineer,795290.41,23860.5
Josee,Hegerty,31,Help Desk Operator,109587.11,17554.27
Giustina,Hopkins,92,Research Assistant II,464189.6,40365.08
Kaitlyn,Borsay,41,VP Product Management,675826.34,27124.27
Rikki,Willoughway,94,Statistician I,977339.74,4283.69
Ira,Render,47,Teacher,305261.16,18252.41
Wes,Whight,82,Marketing Manager,475463.61,40028.42
Gleda,Bril,62,Programmer Analyst IV,322199.98,13410.35
Granthem,Wycliff,77,Software Engineer IV,593439.9,22006.67
Gian,Leyman,32,Operator,616212.82,472.5
Shaylah,Gerleit,78,VP Sales,424786.31,46222.53
Cahra,Utting,61,Civil Engineer,908210.23,16934.8
Winfred,Newcomb,52,Research Nurse,640348.76,5555.68
Myrtice,Robinett,96,Director of Sales,816459.04,3663.09
Flss,Franschini,23,Senior Financial Analyst,357441.2,40875.09
Hakeem,O'Dyvoie,36,Occupational Therapist,745879.58,33348.62
Elisha,Whalebelly,45,Information Systems Manager,567433.18,21397.57
Dolorita,Empleton,31,Senior Editor,637094.66,47505.14
Kalli,Iskov,24,GIS Technical Architect,972509.29,34885.83
Gui,Klemps,63,VP Marketing,557502.07,10334.44
Osmond,Fealty,84,Nuclear Power Engineer,368221.14,36729.01
Darla,Foxon,84,Senior Cost Accountant,685180.27,9539.17
Russell,Skill,83,Occupational Therapist,224410.95,45471.81
Levey,Clows,50,Nurse,494281.15,25146.43
Phebe,Thaxton,76,Food Chemist,989996.88,4334.57
Clare,de Leon,58,Human Resources Assistant IV,174500.41,5715.5
Chevy,Howship,38,Developer I,465087.8,25627.91
Rutledge,Wiltsher,39,Payment Adjustment Coordinator,357332.37,31211.79
Ermanno,Domek,86,Electrical Engineer,198374.21,29488.06
Hurlee,Davenall,58,Sales Representative,808099.0,9986.06
Leland,Waldron,44,Registered Nurse,164470.9,46934.25
Neill,Exley,26,Internal Auditor,690445.53,117.97
Enrique,Bansal,23,Web Designer II,950246.68,23247.45
Dolley,Tattersfield,41,Graphic Designer,127112.9,22304.99
Stacy,Whitley,31,Safety Technician II,937404.69,30711.0
Don,Castellani,38,Human Resources Manager,830931.27,13788.79
Gisela,Clardge,65,Software Test Engineer IV,208677.4,38959.9
Corette,Wallhead,46,Human Resources Assistant II,575706.65,46442.59
Lauren,Cranshaw,49,Senior Quality Engineer,982902.68,7902.06
Emory,Boleyn,63,Quality Control Specialist,250633.73,39552.14
Thorpe,Jagiela,81,Software Engineer IV,607144.59,37051.25
Marylinda,D'Orsay,28,Structural Analysis Engineer,381862.59,11601.15
Tilly,Walne,72,Executive Secretary,661296.09,19563.48
Fran,Wilse,94,Pharmacist,267264.79,18174.49
Lusa,Watts,22,Safety Technician IV,44716.1,45463.36
Barbe,McKevany,22,Staff Accountant IV,696102.12,4147.73
Cirstoforo,Edgar,95,Analyst Programmer,388563.02,2066.34
Yolanthe,Manske,33,Web Developer I,225078.03,3473.57
Doro,Blewett,46,Payment Adjustment Coordinator,342820.23,35680.99
Julee,Saines,62,Financial Analyst,952871.87,22657.61
Fidelio,Samworth,64,Chief Design Engineer,778135.08,38375.37
Fee,Conner,38,Social Worker,13469.23,48135.27
Margi,Badgers,86,Geological Engineer,139387.65,4082.79
Devonne,Shackesby,50,Pharmacist,426993.5,49303.97
Jenda,Dhenin,30,Research Nurse,768011.08,48646.0
Bernita,Karpinski,74,Operator,84698.7,1776.24
Janene,Cristofori,39,General Manager,372031.79,32834.03
Glory,Rook,22,Mechanical Systems Engineer,563453.87,2898.21
Sallyanne,Ellissen,70,Accounting Assistant III,655624.5,707.66
Mariele,Eydel,96,Nurse,417488.93,22146.15
Audry,Cracker,94,Software Engineer I,449680.77,49576.03
Babbie,Unger,31,Marketing Manager,443861.47,41466.44
Christos,Ritch,70,Geological Engineer,912287.56,7442.36
Brantley,Walwood,66,Legal Assistant,634834.71,10469.23
Allan,Boddis,95,Financial Advisor,250542.89,31806.04
Meghann,Capper,42,Analog Circuit Design manager,402864.98,5771.31
Mercie,Sexti,61,Geologist I,318658.24,17957.25
Darcey,Bratley,91,Electrical Engineer,175830.94,11923.28
Cassondra,McElwee,24,Chief Design Engineer,430370.94,36749.77
Norrie,Sackey,30,VP Accounting,27155.55,19097.92
Neron,Traut,54,Geologist I,816626.57,29453.89
Evania,Ivanikhin,21,Graphic Designer,562640.32,29499.11
Nichol,Clark,19,Structural Analysis Engineer,134717.11,41635.48
Gerty,Womack,63,Professor,882429.6,49638.74
Mead,Gerding,77,Sales Associate,949616.76,21207.22
Barbi,Nanelli,94,Programmer Analyst I,768466.29,27018.16
Larisa,Venneur,88,Administrative Assistant III,698598.7,8645.03
Lancelot,Dairton,42,Payment Adjustment Coordinator,706188.62,24528.58
Abey,Metterick,67,Office Assistant II,580996.18,43665.16
Gwenny,Yarnton,58,Assistant Manager,304424.42,48801.16
Sayres,Hurburt,23,Senior Editor,884509.27,18568.14
Adriano,Damp,70,Human Resources Manager,608697.45,22853.96
Montague,Sheffield,32,Nurse,818385.37,16270.88
Zaccaria,Shackel,90,Editor,58760.98,46532.03
Ginger,Funnell,66,Assistant Manager,278997.89,33125.84
Lyon,Cavalier,89,Sales Representative,460481.26,39300.48
Gian,Bamlett,66,Structural Analysis Engineer,182346.46,17197.45
Allie,Cundict,49,Software Engineer I,38717.93,14116.51
Dorie,Aireton,76,Senior Sales Associate,316184.93,38012.26
Farlie,Crutch,53,Human Resources Assistant IV,514119.07,31699.16
Cinda,Reay,93,Paralegal,609637.92,8714.32
Hinda,Rickert,99,Editor,926434.2,44807.44
Thatcher,Wythill,35,Executive Secretary,337521.79,7639.82
Lezlie,Joskowicz,89,Community Outreach Specialist,592647.36,31417.14
Land,Crippin,25,Actuary,882330.08,43981.35
Ado,Hillyatt,43,Teacher,488577.42,29802.19
Kimberlee,Kindleside,77,Registered Nurse,712081.11,46672.85
Anselma,Paulou,18,Database Administrator I,395805.02,22548.89
Berky,Staning,58,Quality Engineer,434160.24,29591.77
Rosemarie,Cartwight,86,Mechanical Systems Engineer,927233.17,7173.46
Carmencita,Suthworth,47,Help Desk Operator,878083.14,12302.23
Rodrique,Chandler,65,Editor,565980.78,43096.26
Carolee,Godber,52,Product Engineer,33219.36,49563.79
Angelique,Roach,31,Desktop Support Technician,880362.2,8941.85
Cristian,Hearnaman,37,Account Executive,256825.54,46786.55
Meredith,Durnall,47,Accountant I,511311.38,40456.2
Adlai,Mallard,66,VP Marketing,332734.35,4894.26
Jamima,Lambrecht,71,Data Coordinator,413340.25,26507.09
Ave,Elmhurst,46,Data Coordinator,625839.44,2633.14
Adena,Philipet,22,Systems Administrator I,957329.01,20738.66
Ly,Twells,31,Engineer I,828426.48,26972.46
Jamison,Tansley,89,Design Engineer,112956.65,34447.77
Torr,Garter,84,Legal Assistant,651198.21,25513.77
Noellyn,Baptie,49,Sales Associate,162940.59,33049.73
Teddie,Labrenz,29,Senior Cost Accountant,759090.7,24387.63
Garfield,Sphinxe,60,Office Assistant I,343644.09,49986.57
Zoe,Hollingsby,54,Cost Accountant,818719.5,47387.22
Robenia,Salzburger,62,Environmental Specialist,781128.25,37352.58
Casper,Jillitt,27,Operator,779825.47,25629.74
Myca,Slopier,50,Quality Engineer,15244.75,13545.92
Ertha,De Hoogh,88,Civil Engineer,358875.76,38510.11
Farr,Frogley,76,Safety Technician II,2594.41,34709.13
Elsa,Helwig,66,Quality Engineer,65014.02,8057.12
Myrah,McBoyle,25,Graphic Designer,930167.83,15042.1
Gail,De Ambrosi,65,Design Engineer,703647.89,18425.98
Ethelda,Lawman,50,Research Assistant I,177314.04,30202.36
Charita,Braine,69,Product Engineer,304445.13,658.2
Anny,Cowherd,19,Professor,115187.79,22319.92
Mickey,Bozworth,24,Developer II,625977.27,30945.04
Hersch,Fleay,79,Web Developer I,132711.62,41500.56
Nathalie,Treherne,59,Chemical Engineer,784086.22,32828.46
Cherice,Colomb,40,Internal Auditor,481030.36,4795.17
Brandi,Thrussell,79,Nurse Practicioner,442164.67,612.75
Emmi,Dumblton,32,Human Resources Assistant II,728542.58,32589.24
Berkley,Fucher,34,Business Systems Development Analyst,122438.88,36181.06
Kristian,Milesop,46,Financial Advisor,623942.43,22091.0
Adah,Revington,36,Internal Auditor,141272.13,31091.33
Micaela,Ghiroldi,35,Analyst Programmer,966368.66,16464.11
Winnie,Maccaddie,72,Design Engineer,34755.55,12569.78
Lissa,Pegler,20,Nuclear Power Engineer,224373.86,5870.59
Arvin,Furby,75,Mechanical Systems Engineer,436356.47,36423.82
Lodovico,Albon,60,Marketing Manager,800248.95,6670.26
Humfried,Eidler,54,Developer III,742368.76,49289.15
Justine,Mushrow,95,Senior Developer,287104.29,33543.28
Mitch,Fissenden,22,Information Systems Manager,836275.18,37488.55
Jocko,Ninnoli,79,Physical Therapy Assistant,921649.92,30927.9
Deanne,Cooke,88,Accounting Assistant IV,885661.84,26411.74
Marcella,Renvoise,36,Dental Hygienist,256068.72,22016.87
Lynnea,Bullers,18,Analog Circuit Design manager,673556.78,32491.6
Ellene,Ruggen,56,Administrative Officer,529586.5,21215.26
Vernor,Mattingley,90,Automation Specialist I,140024.49,41866.32
Merwyn,Gorrie,23,Computer Systems Analyst I,935844.87,40056.5
Amalia,Fownes,89,Systems Administrator I,208777.09,42110.38
Gaultiero,Cosgrive,67,Graphic Designer,500445.97,16912.15
Burl,Conachy,94,Recruiting Manager,748465.19,11734.95
Brendin,Lancastle,61,GIS Technical Architect,353531.17,27487.11
Susanetta,Hamerton,42,Geologist IV,616184.77,1675.69
Boone,Waulker,70,Staff Accountant II,585291.16,8985.35
Paquito,Thor,20,Editor,609016.26,7234.03
Michaelina,Glazebrook,23,Mechanical Systems Engineer,954.26,46282.29
Hugues,Lancley,54,Pharmacist,647030.19,23094.31
Almeta,Aingell,87,Environmental Tech,815214.81,13476.48
Aldon,Lefeaver,57,Registered Nurse,623009.35,38589.43
Peirce,Mager,25,Recruiter,713265.24,29048.29
Wilmar,Bruinsma,82,Programmer Analyst II,343481.91,15104.18
Gweneth,Gosney,54,Electrical Engineer,663291.44,11052.51
Gregorio,McAlpin,50,Senior Editor,484401.16,41355.85
Arley,Dugan,30,Senior Financial Analyst,304823.4,10650.91
Emily,Kerswell,65,Sales Representative,516357.03,41655.03
Lambert,Pitkaithly,74,Structural Analysis Engineer,844284.47,31418.26
Killie,Speight,46,VP Quality Control,545287.29,31773.14
Lucio,Dansken,72,Registered Nurse,605622.46,39132.17
Ann-marie,Dockrell,92,Assistant Professor,595626.66,11104.17
Adams,Shilliday,30,Physical Therapy Assistant,168643.16,519.36
Henrieta,Dyhouse,30,Quality Control Specialist,618493.71,48869.39
Brian,Stirman,55,Accounting Assistant II,544228.58,47001.29
Ivett,Fenech,50,Registered Nurse,3044.81,10802.83
Shela,Goulder,57,Marketing Assistant,293679.46,14676.91
Isiahi,Garritley,61,Account Coordinator,780420.02,18874.3
Reider,Tait,24,Account Representative III,390670.71,22386.64
Larry,Peschke,30,General Manager,992558.01,17422.38
Alaster,Conneely,42,Librarian,123558.96,6884.11
Imojean,Pendle,51,Account Coordinator,700388.06,4703.5
Arlyn,Seagar,85,Software Consultant,352692.92,17592.06
Eda,McBean,80,Graphic Designer,709028.88,18274.06
Stacey,Dowse,20,Operator,794767.35,2310.69
Hagan,Emloch,54,Software Engineer III,958079.47,32321.81
Lilia,Macguire,97,Sales Associate,20.02,48876.74
Cristine,Verheyden,58,VP Quality Control,994605.96,20745.08
Dolorita,Meharry,99,Chemical Engineer,129048.19,2540.11
Elisabeth,McLarnon,31,Budget/Accounting Analyst I,187179.23,8986.74
Gail,Kusick,53,Programmer I,839251.96,607.99
Bridget,Walden,37,Accounting Assistant II,805656.59,46099.54
Jessy,Marritt,99,Quality Control Specialist,722254.08,16621.45
Devland,Brierton,62,Mechanical Systems Engineer,641447.76,29467.41
Vern,Orts,18,Engineer I,667440.97,25918.85
Raine,Vondrach,72,Database Administrator IV,511939.12,36400.65
Joey,Anfossi,51,Senior Sales Associate,131254.52,32116.13
Carmine,Coronas,50,Environmental Tech,447613.0,43534.39
Davida,Poultney,37,Help Desk Operator,649824.68,2213.04
Helena,Anthoine,37,Help Desk Operator,438691.78,712.28
Moll,Izard,69,Administrative Officer,672847.12,8047.59
Boris,Attfield,98,Help Desk Operator,270608.77,27173.96
Margarita,Husband,31,Data Coordinator,505094.86,20770.27
Myrtia,Mithon,20,Compensation Analyst,311598.9,13782.42
Durand,Dobrowski,55,Software Engineer I,783320.89,9681.8
Lockwood,Gregr,94,Sales Associate,813435.93,41968.16
Giulia,Cundict,50,Programmer II,63418.37,8984.71
Flin,Gippes,90,Community Outreach Specialist,207001.43,43705.65
Kendricks,McArdle,31,Health Coach I,781324.41,33556.23
Levin,Jako,70,Sales Associate,834354.12,12818.21
Sunny,Sinney,78,Technical Writer,961281.84,10840.05
Doralyn,Walshaw,48,Senior Sales Associate,68920.18,13816.14
Merilee,Borge,49,Information Systems Manager,373562.04,36948.26
Shannah,Saterthwait,62,Staff Scientist,149743.25,24430.83
Kaile,Elecum,20,Professor,241552.77,25136.83
Thomasa,Merryman,54,Budget/Accounting Analyst IV,902157.45,44160.46
Hamnet,Keuneke,71,Quality Control Specialist,261374.65,31300.67
Ailee,Woodage,30,Environmental Tech,204460.45,49727.59
Lars,Aikin,46,VP Marketing,748239.91,30025.52
Lynnett,O'Halleghane,62,Human Resources Assistant III,123182.54,45802.41
Niki,Fairy,56,Legal Assistant,486674.35,121.59
Alida,Geerdts,55,Administrative Officer,80007.18,32635.57
Jonie,Connelly,36,Teacher,162971.02,36477.34
Harry,Luno,96,Assistant Manager,327640.88,26306.36
Herc,Chetwynd,85,Software Engineer III,127283.18,47606.68
Joey,Davidek,36,Sales Representative,688154.88,27716.42
Brenn,Pratty,29,Physical Therapy Assistant,3581.76,39903.92
Fremont,Boerder,25,Assistant Manager,835873.41,22584.03
Roslyn,Carde,49,VP Quality Control,999650.46,46777.32
Jephthah,Cotterell,30,Associate Professor,406961.36,43265.21
Kimberley,Cutchee,86,Analyst Programmer,935686.84,32050.12
Darrelle,MacLardie,92,Research Nurse,615740.41,22221.53
Tildi,Rossoni,82,Administrative Officer,415294.39,39289.89
Analiese,Fenna,47,Account Executive,648550.67,38712.66
Brandi,Basant,75,Programmer Analyst I,867345.92,21464.52
Karney,Maybey,99,Health Coach I,659598.85,33640.12
Francisca,Rape,82,Human Resources Assistant I,409270.14,151.71
Niki,Walshe,80,General Manager,350022.62,33589.83
Natka,Hafford,69,Desktop Support Technician,88843.23,6184.01
Clemmie,Merring,75,Senior Cost Accountant,4918.05,27066.41
Sibylle,Breacher,51,Mechanical Systems Engineer,157283.74,7074.49
Vernen,Eastmond,79,VP Sales,365831.0,38087.63
Georgie,Egar,97,Help Desk Technician,965362.36,11996.88
Winnifred,Valance,66,Help Desk Technician,95163.96,41437.18
Evelin,Fruen,64,Staff Accountant I,696711.52,48999.9
Hephzibah,Roze,98,VP Marketing,627771.71,4074.36
Dante,Tebbett,35,Design Engineer,229083.37,35466.22
Jaquenette,Shoreson,37,Chemical Engineer,176976.89,28327.58
Sunny,Ripper,82,Accounting Assistant III,526978.14,7833.38
Korey,Bittlestone,68,Web Developer IV,310069.13,14302.89
Isidore,Haslin,31,Compensation Analyst,830421.03,11866.41
Gussy,Firpi,26,Human Resources Assistant IV,156988.09,33446.53
Morgan,Quodling,49,Help Desk Technician,878584.52,34747.16
Amabelle,Murch,66,Help Desk Operator,642474.8,26070.49
Tania,Frays,60,Structural Analysis Engineer,371644.56,14767.07
Tristam,MacLese,53,Administrative Officer,250640.03,24710.27
Deana,Plaxton,99,Safety Technician III,422705.08,21299.67
Yettie,Evill,76,Data Coordinator,706727.87,12216.23
Jennifer,McColm,72,Social Worker,509683.24,25768.83
Elie,Tavinor,40,Structural Analysis Engineer,748878.13,26245.85
Tonye,Derrington,63,VP Marketing,325060.94,17589.87
Edith,Roostan,29,Account Executive,887004.34,6758.58
Fidela,Loomis,81,VP Accounting,983383.1,12257.91
Cullie,de Vaen,92,Librarian,961111.81,47558.83
Sandro,Giacubo,59,VP Product Management,290490.03,26563.89
Vincents,Kirkhouse,56,Web Developer IV,316288.17,17791.42
Elsworth,Thomson,79,Desktop Support Technician,537498.11,22996.81
Wang,Noriega,84,Civil Engineer,303112.39,41409.04
Cassi,Mitchinson,58,Office Assistant I,978060.2,47863.43
Becka,Josephy,59,Administrative Assistant III,584443.97,37965.61
Hube,Lumsdaine,80,Research Associate,428772.62,14921.01
Hervey,Ort,72,Safety Technician IV,782848.78,44436.65
Walther,Rubes,20,Director of Sales,701276.4,39942.56
Humberto,Meriet,47,Engineer IV,259151.88,4575.2
Vincenty,Malley,92,Media Manager I,137967.89,40809.29
Yetty,Yewman,46,Civil Engineer,601576.9,43967.11
Malissa,Osgar,79,Account Representative III,818541.08,32040.84
Wrennie,Lampl,85,Product Engineer,766397.91,17874.05
Daffy,Antonacci,47,Physical Therapy Assistant,401825.12,40620.01
Avictor,O'Connor,44,Research Nurse,582956.44,47401.39
Tine,Witherup,85,Chemical Engineer,91423.65,46526.28
Boony,Descroix,30,Chemical Engineer,382860.35,19132.98
Johann,Jeandeau,64,Analyst Programmer,524743.85,34155.16
Klarika,Grog,54,Librarian,437902.34,35341.6
Hedvige,Pallent,20,Technical Writer,884963.15,26817.54
Katie,Leatham,90,Pharmacist,294718.33,46452.61
Cornie,Durek,36,Accountant I,479532.09,14935.35
Letitia,Greasley,23,VP Marketing,154081.72,13676.23
Normie,Stallon,43,Account Representative IV,929378.96,7842.28
Nancey,Kittel,30,Editor,966298.1,38458.08
Grazia,Khidr,24,Quality Control Specialist,443156.27,32034.16
Bryan,Gillhespy,97,Administrative Officer,920647.66,40898.55
Nickolai,Stockport,61,Teacher,127394.91,47752.95
Mel,Birtley,86,Accountant I,761486.1,24725.0
Eldridge,Kiellor,62,General Manager,932864.62,33497.27
Sax,Goodright,23,Office Assistant I,660437.77,40059.47
Arliene,Roskilly,61,Research Associate,486143.84,26154.17
Donnamarie,Brombell,78,Accounting Assistant II,416.99,49988.41
Barnard,Ruthen,69,Graphic Designer,790055.91,49978.98
Marlo,Falshaw,54,Biostatistician I,620374.42,16578.94
Brena,Sickamore,62,Software Test Engineer I,307519.02,30040.13
Hershel,Klehyn,35,Help Desk Technician,615189.31,30916.66
Husain,Pinock,62,Operator,345227.45,12358.43
Gene,Blind,23,Physical Therapy Assistant,340430.8,13786.77
Delinda,Morsley,41,Statistician I,309495.39,25838.99
Lissy,Duckering,66,Administrative Officer,626451.26,45214.04
Benetta,Nono,49,General Manager,145507.15,46755.85
Bryna,Measey,78,Senior Editor,441034.46,21592.43
Nester,North,55,Food Chemist,160168.55,36758.32
Joann,Gommowe,70,Analyst Programmer,661101.65,44623.18
Waneta,Grabeham,94,General Manager,397809.98,21688.29
Cobb,Van Giffen,38,Senior Cost Accountant,650392.44,47175.12
Stevie,Murtimer,68,Chemical Engineer,286148.56,39101.34
Shirl,Burkill,65,Senior Editor,45644.04,2896.11
Kippy,Abramson,80,Recruiter,651126.11,35598.12
Der,Rogier,60,Programmer I,471898.07,16100.7
Tulley,Petrello,63,Design Engineer,402964.49,38785.05
Griff,Ockendon,27,Help Desk Operator,968432.52,42161.63
Tera,Annable,29,Project Manager,352002.21,19951.4
Anette,Langwade,66,Nurse,158469.61,17960.53
Jaynell,Crosscombe,25,Staff Accountant II,359.37,1177.56
Adeline,McCome,19,Quality Engineer,952392.6,10462.55
Layne,Jendrusch,42,Senior Cost Accountant,863882.67,14426.58
Berkeley,Piscopo,32,Design Engineer,998086.42,23283.66
Georgianna,Beevers,37,Systems Administrator IV,338244.12,18384.74
Chrystel,Willbond,57,Staff Accountant III,612797.62,2339.25
Aile,Lomasney,81,Information Systems Manager,594064.29,11041.57
Kin,Collister,76,Media Manager IV,856247.31,43821.9
Tess,Worden,45,Account Coordinator,549768.69,1589.09
Eamon,Crooks,83,Sales Associate,917764.98,49142.73
Filide,Imison,76,Sales Associate,509541.33,20632.59
Matthus,Guerola,67,VP Product Management,161358.02,2644.11
Anatola,Thaim,75,Environmental Tech,224076.29,18253.03
Germaine,Pevsner,45,Product Engineer,167790.6,10194.2
Bar,Streetley,91,Social Worker,596269.21,35451.14
Ciel,Aust,89,Product Engineer,906391.61,12375.28
Tyson,Simcoe,59,Account Representative II,823316.66,34507.53
Jory,Siddons,53,Project Manager,972076.86,31165.96
Merwyn,Hamman,67,VP Quality Control,865084.94,29327.59
Gallagher,Treuge,77,Engineer IV,630513.29,28245.77
Artair,Ostridge,20,Senior Cost Accountant,360782.68,19230.2
Stafford,Cockroft,64,Design Engineer,514019.32,33837.68
Ivar,Pinkard,33,Pharmacist,638822.08,6204.01
Darby,Farron,35,Speech Pathologist,357360.44,38680.09
Doralynne,Tomasicchio,55,Junior Executive,676034.47,4323.53
Em,Armstead,24,Sales Representative,461788.48,35890.6
Brittne,Gibbings,93,General Manager,468164.66,16638.43
Inessa,Greig,93,Librarian,473403.98,6035.47
Letitia,McMichell,82,Social Worker,672704.01,2405.6
Fleurette,Ayto,25,Librarian,891486.14,23733.51
Cedric,Snewin,47,Paralegal,158308.54,30976.18
Janina,Danielsohn,90,Marketing Assistant,97546.97,49652.86
Camala,Tredget,89,Software Test Engineer IV,431957.76,36828.33
Donavon,Slora,22,Programmer III,446928.42,6957.46
Mirabella,Dabrowski,44,Cost Accountant,199033.93,3275.38
Mavra,Zukerman,91,Graphic Designer,812660.3,17130.45
Abigail,Spaice,65,Budget/Accounting Analyst IV,874189.95,48526.05
Alaine,Leed,40,Help Desk Operator,648143.03,8469.89
Tiphanie,McCready,52,VP Product Management,640856.16,34438.88
Klara,Berends,69,Registered Nurse,509482.15,29520.21
Elsworth,Moultrie,74,Quality Engineer,837729.18,39096.02
Willem,Nicely,19,Analyst Programmer,808407.69,33302.0
Marion,Bundock,88,Occupational Therapist,711781.17,25941.47
Wyatt,Leek,62,Computer Systems Analyst III,332679.27,49477.5
Dean,MacRierie,24,Technical Writer,512426.01,47518.68
Graehme,Pindar,60,Account Representative II,687271.73,26256.31
Rockwell,Bagnal,23,Professor,585962.45,35807.77
Rolfe,Bartoszinski,65,Senior Quality Engineer,314271.57,14125.53
Reinold,Fallawe,63,Quality Engineer,886489.52,4573.67
Robert,Pelchat,86,Automation Specialist IV,315390.41,40142.7
Nil,Midghall,19,Social Worker,542869.61,15614.97
Yvonne,Dinnington,69,Human Resources Assistant IV,64157.87,32590.56
Udell,Saundercock,58,Clinical Specialist,814264.93,48105.69
Daryl,Gage,44,Account Executive,339683.15,7198.21
Meggy,St. Quentin,97,Food Chemist,727345.1,49898.47
Annmaria,Stobie,20,Graphic Designer,580409.99,32243.57
Morgun,Cornels,18,Health Coach I,633918.91,3662.27
Bryn,Muff,53,Recruiter,687108.51,32955.46
Leesa,Duiguid,53,Assistant Media Planner,200987.93,37785.27
Andra,Clingoe,74,Software Engineer IV,676887.52,4307.76
Killie,Sykes,74,Quality Engineer,339964.55,39291.6
Gasparo,Keavy,26,Actuary,428765.42,29319.72
Abramo,Aubury,24,Automation Specialist IV,185854.65,25928.41
Jannelle,Moyer,28,Health Coach III,265372.15,3771.95
Sharl,Baxstar,25,Cost Accountant,110759.62,20438.9
Geri,Ackery,33,Data Coordinator,571982.37,30198.88
Estella,Cressy,64,Computer Systems Analyst IV,787039.22,45098.67
Aile,Heake,80,Compensation Analyst,177644.41,48703.4
Tymon,Blundon,21,Associate Professor,713579.8,40344.51
Hadleigh,McRannell,71,Assistant Professor,973925.91,15819.11
Perice,Huckleby,35,Research Associate,163612.73,7261.42
Regen,Wilmott,36,Staff Scientist,361102.29,2619.98
Jo,Skrines,69,Geologist IV,788295.0,34888.84
Rica,Poplee,71,Occupational Therapist,878945.57,40780.59
Penni,Garrud,44,Senior Developer,811002.7,33173.55
Maximilian,Ginner,60,Budget/Accounting Analyst II,342398.11,21511.21
Alexandre,Wedgbrow,55,Accounting Assistant IV,697584.04,3380.16
Sheeree,Wooller,33,Staff Accountant I,472097.33,41677.15
Julie,Lendrem,73,Civil Engineer,564225.03,47241.3
Sander,Siss,63,Assistant Manager,621171.11,20290.26
Genvieve,Casford,24,Desktop Support Technician,216910.57,36040.34
Joanna,Laroux,62,Software Engineer IV,362593.29,9810.8
Carol,Prangle,23,Internal Auditor,690087.39,27787.5
Saloma,Corley,42,Structural Engineer,740236.09,28780.26
Gae,Peyntue,22,Social Worker,114129.59,32888.34
Rodrigo,Pomfrett,33,Legal Assistant,549650.19,43070.13
Ellen,Bumphries,61,Biostatistician I,324106.84,9373.71
Zitella,Muehler,79,Financial Analyst,444262.1,45782.38
Dolley,French,64,Technical Writer,547898.42,16333.16
Brendin,Burrow,43,Chemical Engineer,67748.06,38608.85
Caddric,Dainty,78,Product Engineer,269124.92,41190.69
Lynsey,Ahrend,80,Account Coordinator,469273.26,15.81
Micah,Wethey,46,Account Coordinator,911083.38,6781.87
Ozzy,Krahl,82,Senior Editor,568940.71,3416.93
Trina,Curry,81,Sales Associate,175459.82,7630.56
Linn,Gitsham,92,Project Manager,249053.66,32203.57
Quincy,Beelby,36,Research Nurse,586632.37,29114.86
Hall,Arnoldi,45,Database Administrator I,753938.28,44999.5
Joelynn,Petofi,83,Software Test Engineer IV,662720.43,5542.33
Andree,Prest,48,VP Marketing,93798.32,17174.69
Kevyn,Stow,67,Marketing Manager,671922.57,17199.76
Haydon,Greenham,38,Assistant Manager,833024.01,32417.85
Drucy,Ibbitson,81,Data Coordinator,32903.73,28821.98
Sally,Knight,19,Senior Financial Analyst,753696.97,4462.15
Trey,Pigdon,59,Compensation Analyst,270280.77,27616.13
Cecilio,Prebble,95,Senior Developer,637143.7,18956.06
Devon,Tight,47,Database Administrator IV,787415.31,43856.64
Ashely,Sleeman,84,Dental Hygienist,492229.98,6324.22
Shayne,Pasterfield,37,Programmer Analyst I,951450.48,25635.21
Jarret,Zute,22,VP Quality Control,540756.24,4643.38
Rosalia,Colquete,89,Professor,510970.7,484.71
Alysia,Bowgen,64,Social Worker,24136.2,25203.54
Georgi,Frane,46,Biostatistician IV,594749.87,4862.09
Alexio,Stallebrass,77,VP Quality Control,137628.1,4393.5
Lucy,Stanion,99,Environmental Specialist,526486.93,3518.51
Leonid,Blenkhorn,68,VP Marketing,249478.19,589.24
Colby,Emma,58,Physical Therapy Assistant,106283.72,465.82
Annabela,Picardo,52,Systems Administrator II,306734.23,45585.84
Norton,Derl,31,Graphic Designer,963547.64,3100.98
Erin,Pye,46,Systems Administrator IV,576590.33,2695.36
Bellina,Ruddock,42,Senior Cost Accountant,254108.47,13038.1
Phaidra,Bracegirdle,43,Assistant Media Planner,553215.88,29809.28
Ajay,McGrotty,62,VP Quality Control,976622.2,5027.54
Larina,Lewins,89,Nurse,26817.2,24573.47
Marchall,De la Yglesias,31,Senior Developer,795660.08,16991.53
Berry,Whittenbury,66,Pharmacist,399985.25,39850.63
Kaela,Dobinson,37,Junior Executive,397420.73,37323.97
Vonni,Dolligon,24,Computer Systems Analyst II,502468.1,42150.39
Jacki,Doxey,43,Assistant Manager,828162.79,16199.4
Nickolas,Paddy,47,Clinical Specialist,183238.2,10527.33
Shawn,Farrant,37,Clinical Specialist,820114.38,7716.57
Gratiana,Kristufek,84,Chief Design Engineer,233982.06,11383.35
Sigrid,Dullaghan,71,Actuary,786096.31,32226.92
